Trial,Optimizer,Layers,Activation,Initial neurons,Learning Rate,Batch Size,L2 Penalty,Dropout Rate,Compression Factor,Time,Val Accuracy
1,Adam,5,elu,1381,0.0004881968916719105,379,1.1631039124222031e-05,0.15319847317973437,0.5,63.14,54.339999999999996
2,Adam,6,tanh,2743,0.00015011973023372013,82,4.0652171521178265e-05,0.1225738884766921,1.0,457.19,48.63
3,Adam,2,gelu,1287,0.0003553214601078436,186,3.3310254152003335e-05,0.10957649972878701,0.5,60.56,54.64
4,Adam,3,relu,954,0.0007921568947098049,253,0.0001813603970424905,0.17043626690933208,0.5,61.44,51.349999999999994
5,Adam,6,gelu,797,0.0002879142651306301,203,0.0006714313357348614,0.2151812921590111,0.75,99.3,52.53
6,Adam,4,relu,1030,0.0007277776560399138,508,5.608847838786106e-05,0.25207400888400017,0.5,83.71,52.370000000000005
7,Adam,3,tanh,387,0.00020945921538325358,226,3.810486277532205e-05,0.1800533669951507,1.0,69.03,53.769999999999996
8,Adam,1,elu,1293,0.00021801391028948547,427,0.00024864745734618534,0.1783143160728425,0.5,91.57,52.03
9,Adam,2,selu,524,0.0005011280476638705,141,0.0001278184021641103,0.12703183368122134,0.75,68.97,52.35999999999999
10,Adam,4,gelu,2007,0.0001521396185984841,67,2.053247437468914e-05,0.18772956511851385,0.75,175.97,54.790000000000006
11,Adam,5,elu,1630,0.00017143884711109033,431,0.0008545681759873991,0.15421144333580333,1.0,211.26,51.59
12,Adam,5,relu,2400,0.0002957747522983051,138,0.000594764908980303,0.21078550003817975,0.5,176.48,52.1
13,Adam,4,elu,3020,0.00027358970402140663,68,7.61103485765257e-05,0.12077746177470017,0.75,285.51,51.18000000000001
14,Adam,1,selu,1784,0.00021613534169811937,146,2.3894440191830136e-05,0.20209994388294522,0.5,112.25,53.0
15,Adam,4,relu,557,0.00015322554038075357,266,0.0004159833698575868,0.14210320887605252,0.75,71.71,54.510000000000005
16,Adam,6,tanh,601,0.00010198041864145697,117,1.0077069827625612e-05,0.100818035079393,0.75,89.87,53.33
17,Adam,3,elu,1575,0.00020393807751390014,74,7.513137303000842e-05,0.2816594569665597,0.5,141.88,53.98
18,Adam,6,elu,3689,0.00022924151939694124,66,0.0009995667081349182,0.1491831702577887,1.0,495.73,31.319999999999997
19,Adam,2,relu,3907,0.0007329129569556614,220,1.6930150458219128e-05,0.17274906650535982,0.75,210.31,51.92
20,Adam,6,elu,3659,0.0004279552214218951,78,0.00018283204620507366,0.1907294718023606,0.75,447.39,46.2
21,Adam,6,elu,317,0.00029157685387593436,171,0.00019576477554060086,0.2570854668676262,1.0,106.92,54.120000000000005
22,Adam,3,relu,366,0.0003776918779132262,254,0.0003394169825468982,0.24984810830013038,0.75,73.42,51.89
23,Adam,4,tanh,3917,0.0007231046468883083,182,9.184889466691827e-05,0.19039758730115564,1.0,369.29,34.150000000000006
24,Adam,4,gelu,3419,0.0007395653497360143,77,0.00017169516402397659,0.11769674489800175,1.0,637.76,52.23
25,Adam,3,selu,4077,0.0009019969938499334,148,4.888788423521596e-05,0.18071199650950362,0.75,350.29,47.13
26,Adam,3,relu,908,0.00010398038156635202,95,2.145543936261148e-05,0.16351538187245584,0.75,96.8,54.279999999999994
27,Adam,3,tanh,2018,0.00027490537507045916,94,0.0007985840389389328,0.237779482015723,1.0,189.21,45.86
28,Adam,3,tanh,1109,0.0003953017348999615,218,0.0008931404964398677,0.1361705694080966,0.75,77.47,49.980000000000004
29,Adam,2,relu,643,0.00022305456089944498,79,2.2337596678957877e-05,0.2320024609972391,0.75,110.09,53.66
30,Adam,2,selu,2564,0.000253273613580448,318,0.00022026743587892002,0.12425248420662166,1.0,229.07,55.42
31,Adam,6,gelu,879,0.00033541051428365447,134,4.605217045057012e-05,0.10167307845948273,0.5,76.41,53.65
32,Adam,4,elu,1127,0.00015734396074527208,285,2.2425783905531616e-05,0.25632943461994406,0.75,108.21,55.75
33,Adam,6,elu,1626,0.00011039680625612395,68,0.00022535833703004154,0.16197626242736587,0.75,288.31,55.059999999999995
34,Adam,5,tanh,1474,0.00020813754821403884,253,0.00017550389424921713,0.2614118204561571,1.0,176.17,51.339999999999996
35,Adam,2,tanh,521,0.0005099508516007459,130,0.00015525390511321512,0.17381807735685578,1.0,95.32,50.73
36,Adam,6,gelu,356,0.0004630899434981065,144,0.00013165668754867038,0.21919954594203458,0.75,111.9,52.62
37,Adam,5,elu,805,0.0001350192350927223,96,1.5249991059970138e-05,0.12836419805462862,1.0,119.12,54.900000000000006
38,Adam,6,tanh,379,0.0007031605933435897,407,2.260488866501957e-05,0.2311891761050992,1.0,65.52,49.730000000000004
39,Adam,4,elu,670,0.0001242677495645896,431,0.00010426172785686744,0.1904147636896216,0.5,93.76,54.669999999999995
40,Adam,1,gelu,2122,0.0003703698415100135,272,1.1801383936523034e-05,0.2562036966158789,0.75,77.88,53.59
41,Adam,3,gelu,3070,0.000847499098323824,302,9.565175666229652e-05,0.1577864371164174,1.0,146.21,51.980000000000004
42,Adam,6,tanh,827,0.000363614620958249,433,0.0007334200960707797,0.16382462318095464,0.75,98.16,51.129999999999995
43,Adam,1,relu,582,0.0007619588464161639,150,4.102077819183716e-05,0.22080007266525759,1.0,66.14,48.67
44,Adam,5,gelu,1050,0.0007293934172254661,208,1.8780281097974704e-05,0.1639995431290206,1.0,82.88,51.59
45,Adam,1,selu,361,0.0005104448473146922,118,3.6969655744485226e-05,0.17402800223203357,0.5,73.02,50.660000000000004
46,Adam,2,gelu,2684,0.00013107445649984589,89,6.773792107089708e-05,0.2320873182399286,1.0,164.34,55.32
1,Adam,6,selu,669,0.00026349735203719347,81,0.0006740402863707973,0.13343128948939748,1.0,168.23,49.68
1,Adam,3,selu,1117,0.0009048986156653488,107,0.0007591643633292985,0.2799747438817086,0.5,57.5,39.589999999999996
2,Adam,1,gelu,1266,0.0005654589004300633,76,0.0003879585475320786,0.24925564527660163,0.75,123.08,47.43
3,Adam,2,elu,410,0.00011588940261610929,307,0.000458867376659268,0.2064319469256271,1.0,97.51,52.290000000000006
4,Adam,3,relu,548,0.0002809828737182226,449,2.8309696377800913e-05,0.21692976117505386,1.0,44.87,53.23
5,Adam,6,selu,2654,0.00011434046994378559,179,0.00037195174312640056,0.1791054820416679,0.75,382.02,54.61
6,Adam,4,relu,1851,0.00014679491010327405,216,0.00016880290848120383,0.20149136779504845,1.0,162.69,55.37
7,Adam,4,gelu,794,0.0005302196666348603,73,0.0008437264517439883,0.1570307676940527,0.75,137.16,50.42
8,Adam,6,relu,2144,0.0006297560098269574,274,7.251186098556982e-05,0.19770929983483798,0.75,134.6,51.449999999999996
9,Adam,4,relu,800,0.0004479528055142064,202,2.3528584484714936e-05,0.1478878349713914,0.75,62.01,51.49
10,Adam,5,gelu,3521,0.000985646617031982,92,0.00015459644550309525,0.11756419191603978,0.5,237.81,51.4
11,Adam,6,elu,566,0.00014461325299056226,113,3.1189596755248877e-05,0.21311447607496992,0.5,93.77,53.169999999999995
12,Adam,5,tanh,2655,0.0008360693164907331,184,0.00035446617914964765,0.26428028596321634,1.0,182.15,17.02
13,Adam,6,tanh,521,0.0003706142613372255,75,2.6677999806205165e-05,0.13220320500020455,0.75,100.54,47.74
14,Adam,6,relu,2139,0.00015954740705693624,112,0.00015550639133106643,0.12839203461080556,0.5,148.0,54.87
15,Adam,5,relu,2212,0.0003155922887803858,200,3.0331835612552624e-05,0.14610951138626566,0.5,82.57,53.03
16,Adam,6,selu,812,0.000280574931979921,296,0.000306990381245416,0.18296168466035256,1.0,124.43,52.76
17,Adam,5,gelu,323,0.00021084897265477814,373,0.00011965482347276444,0.18790172405493905,0.5,62.19,54.02
18,Adam,3,relu,2587,0.00032376130078842053,90,0.0002212382491105228,0.1477314146093171,1.0,271.65,53.82
19,Adam,2,elu,861,0.0009327221873660114,119,0.00021438926929526246,0.22468653268685362,0.5,41.37,47.43
20,Adam,6,selu,815,0.00028844684647606235,136,0.0007238510816515685,0.2674970276192129,0.5,101.73,46.339999999999996
21,Adam,3,selu,3089,0.00022432103435945114,122,5.2580591506961916e-05,0.18734831093749255,1.0,228.14,52.88
22,Adam,5,relu,1141,0.0004558800420464797,477,1.2575696747740142e-05,0.1083602183969916,1.0,57.09,53.239999999999995
23,Adam,5,tanh,352,0.00028522902749816294,85,2.7839488491144462e-05,0.10207584661517238,1.0,92.5,52.61
24,Adam,2,relu,337,0.00022172351696264715,303,1.1048128037068683e-05,0.11428047708180258,0.5,42.9,50.36000000000001
25,Adam,5,gelu,1424,0.00034200960187014796,348,8.724936998533732e-05,0.13088242286631852,0.5,61.4,54.37
26,Adam,6,gelu,3508,0.00035326190432421176,207,0.00016151874909126713,0.2717955482865392,0.75,275.87,54.36
27,Adam,1,tanh,1380,0.0004185680919399729,107,7.610220500034622e-05,0.2942247010366982,0.5,99.3,48.42
28,Adam,2,tanh,1566,0.00018147456510875037,73,3.593920084555685e-05,0.13464901587417952,0.75,110.94,54.35
29,Adam,4,gelu,1396,0.00012992450607177846,447,1.7975008997672687e-05,0.12271945280925563,0.5,57.23,55.19
30,Adam,6,gelu,410,0.0006845228949860574,201,2.709835720395715e-05,0.25382114651238674,0.75,39.5,41.65
31,Adam,1,tanh,383,0.0004720489900344238,451,6.644394211896635e-05,0.23111736315342882,0.75,50.32,52.2
32,Adam,2,relu,1005,0.0002896998289153488,142,1.00567364783276e-05,0.16765352454129673,0.75,76.23,54.63
33,Adam,1,elu,1593,0.00022874753286566908,333,0.00040843848648412827,0.29109944633168017,0.75,83.26,49.55
34,Adam,2,selu,1530,0.000128142585990916,223,1.3814913779262367e-05,0.29866060914767756,0.75,123.26,54.2
35,Adam,3,selu,3797,0.00010777835593947007,200,0.00031667421508373963,0.13466643182802207,0.75,604.06,55.400000000000006
36,Adam,6,elu,3384,0.00034048880956293384,336,1.226851965638584e-05,0.1359006229758038,0.75,175.75,50.49
37,Adam,3,elu,3956,0.0005588064551529626,489,5.5686837624402044e-05,0.1519645224247153,0.5,145.96,53.63
38,Adam,4,relu,899,0.00012766857920835752,87,0.0008809007797171372,0.11597013326246917,1.0,118.84,54.11
39,Adam,3,tanh,613,0.00031714926015251956,257,0.00047050171838785535,0.1795221559505507,0.75,65.69,52.26
40,Adam,3,gelu,467,0.00039517441014472074,236,0.00020848460271884374,0.18814913087322346,0.5,66.87,54.25
41,Adam,5,relu,679,0.00014035047667048024,82,9.386691406926528e-05,0.1036104245863119,0.5,109.79,53.949999999999996
42,Adam,3,gelu,1806,0.0002491468474423617,509,0.00013638431500004046,0.1629775566144933,1.0,88.92,54.92
43,Adam,6,relu,4050,0.00013750557585312027,172,0.00021542636761533442,0.24695563652476363,0.5,284.36,54.75
44,Adam,1,tanh,519,0.0004023841919442359,75,7.426001182334853e-05,0.13569869573534424,1.0,104.4,50.349999999999994
45,Adam,5,elu,327,0.0002814406143171129,102,3.128097590345701e-05,0.11950000911270511,0.5,90.12,54.89000000000001
46,Adam,3,selu,3153,0.00043324268184704993,305,1.2136557224197545e-05,0.1571227320947352,0.5,113.34,51.910000000000004
47,Adam,5,gelu,352,0.0007521094361359403,247,3.50979594720939e-05,0.10536585327239245,0.5,57.39,52.56999999999999
48,Adam,3,tanh,442,0.0004000610913408997,96,3.385469068109161e-05,0.1190793050575447,0.75,47.78,48.63
49,Adam,5,gelu,571,0.0006351903846510877,284,0.00012048597478969488,0.13642490824070172,0.75,55.56,55.04
50,Adam,2,tanh,1162,0.0005971173389039946,335,1.5159374080433772e-05,0.11686847484397869,1.0,53.26,52.6
51,Adam,5,elu,1674,0.00048352366552783203,116,5.288618621083595e-05,0.15653372526724946,0.5,105.28,52.470000000000006
52,Adam,2,tanh,632,0.00012913018995269632,117,1.4280722689938682e-05,0.24927914675699686,1.0,146.7,55.02
53,Adam,5,elu,3010,0.000568844960417601,154,0.0001788036873294552,0.24510146164786628,1.0,499.17,48.24
54,Adam,4,tanh,1266,0.000578338977151832,459,8.509679122603968e-05,0.23921331083364594,0.5,61.44,48.77
55,Adam,3,tanh,1262,0.00020718166599670098,65,2.7632031086995492e-05,0.1699501330583719,1.0,121.09,51.66
56,Adam,3,elu,3717,0.0009662443893561135,261,0.0008813352023870449,0.11609606897706642,0.75,223.93,45.23
57,Adam,4,gelu,1467,0.0003263777759062033,214,0.00020975489136078467,0.2102621880368175,0.5,96.46,55.36
58,Adam,3,gelu,277,0.00035743806526983724,312,0.0006479828677741662,0.13213106114237919,0.5,61.83,54.449999999999996
59,Adam,5,tanh,588,0.0005197686232165379,114,0.0004625387341017985,0.1991296482971655,1.0,67.61,44.080000000000005
60,Adam,3,elu,2942,0.00011596733816030185,500,1.1169342587298476e-05,0.28123853427463485,1.0,224.08,54.65
61,Adam,3,selu,3041,0.0008070497063704413,160,0.0007420809664583688,0.17950944020071363,0.75,132.65,40.33
62,Adam,4,tanh,471,0.00023555639449237276,95,0.0007059867848109227,0.12469573176481666,0.5,97.1,49.81
63,Adam,1,relu,313,0.0002254461833056402,287,0.0001369248622710749,0.22815281858053557,1.0,65.84,52.769999999999996
64,Adam,4,selu,2480,0.0003586215980961088,211,0.00017691309245329134,0.28967390014009736,1.0,267.43,49.86
65,Adam,2,selu,2283,0.000746278767686976,70,1.184646884430305e-05,0.29206483962277785,1.0,123.5,43.21
66,Adam,6,elu,3232,0.0007901393510049873,157,0.00027396099575394795,0.15359043676132206,0.5,252.32,48.58
67,Adam,2,selu,1687,0.0007038675034923399,190,9.650247332778665e-05,0.13896082224146467,0.75,74.8,50.91
68,Adam,4,elu,481,0.00031198124655085267,97,0.0001848905750970017,0.13440065205999746,0.75,92.01,55.089999999999996
69,Adam,3,tanh,412,0.00033684226910493366,99,3.2090415924162095e-05,0.2854244983705563,0.5,71.43,46.88
70,Adam,5,relu,1085,0.00012943322177307514,140,0.00020016851646702122,0.17250407230078746,0.75,103.38,54.84
71,Adam,1,gelu,1609,0.00012020481833534274,68,0.0009757994738204993,0.27653650847502986,1.0,136.93,52.580000000000005
72,Adam,1,relu,1759,0.00012910892787563994,379,4.9314737465971674e-05,0.20172724912337686,0.75,60.84,53.44
73,Adam,6,gelu,1049,0.0003071986633952328,150,0.0002623128253582767,0.2921868736014775,0.5,141.29,53.39
74,Adam,3,elu,4010,0.00029570549368858876,474,0.00042752227542958176,0.2458686888755616,1.0,583.45,53.42
75,Adam,6,relu,467,0.000528854235389553,497,0.00042302898755429446,0.2589277271799798,0.5,61.55,45.37
76,Adam,1,selu,2611,0.0005356102218150669,287,0.0009308336251134013,0.1017436220501321,0.75,90.9,49.559999999999995
77,Adam,1,tanh,603,0.00010622456252408011,116,0.00019921063689426786,0.170388703849505,0.5,124.22,52.51
78,Adam,2,gelu,613,0.0008154537603488465,99,3.086166959955954e-05,0.22992337335940669,0.75,77.01,48.870000000000005
79,Adam,3,gelu,3042,0.0006111109757376237,176,0.00015367530940345412,0.28227234682865454,0.75,221.42,52.78
80,Adam,5,selu,626,0.00013268568218571008,430,1.630751871632827e-05,0.20307367984021846,0.75,82.55,52.83
81,Adam,3,tanh,1040,0.000597020156943225,148,0.00039274614327008603,0.14292300905447236,1.0,60.28,46.85
82,Adam,2,tanh,3541,0.00026869625398054175,87,0.00021522143071963658,0.27704751516771614,1.0,248.25,47.339999999999996
83,Adam,5,gelu,2000,0.0003574913340359975,72,1.23407085653496e-05,0.15385558784623252,0.75,135.82,52.66
84,Adam,6,elu,2193,0.0006689396068857299,154,0.0004618103668512731,0.17259501662774954,0.75,130.45,43.07
85,Adam,2,tanh,751,0.00010725667640446422,67,1.082033516622355e-05,0.20467685082890358,0.75,146.91,53.73
86,Adam,6,tanh,784,0.0008914489358402353,90,0.0006794195310152077,0.2817633085273106,0.75,60.28,19.91
87,Adam,5,tanh,3187,0.00020695452389609488,244,6.179100199052185e-05,0.15265549089643493,0.5,163.23,53.510000000000005
88,Adam,1,selu,817,0.0006517246121562333,395,7.044153183483902e-05,0.2535343821367688,0.75,46.13,50.01
89,Adam,4,relu,277,0.00026181226430876644,140,8.357528840109189e-05,0.2998762962665087,0.5,107.01,45.56
90,Adam,6,selu,1153,0.000640042517726337,70,0.00019544905488436573,0.1816800431624816,0.75,143.91,45.550000000000004
91,Adam,6,elu,782,0.0001226595032158419,226,1.0090257725928943e-05,0.11462813171201656,1.0,73.75,55.089999999999996
92,Adam,1,elu,3557,0.0008770285906020751,119,0.0004590321351021898,0.19362508487348568,0.5,68.15,43.8
93,Adam,6,elu,2100,0.0002049693390470781,169,5.316160639529539e-05,0.2095405064942943,0.75,161.99,54.59
94,Adam,2,tanh,280,0.0003446981005421569,393,4.1229368577159144e-05,0.21914333541626252,0.75,56.26,52.18000000000001
95,Adam,2,selu,385,0.0003845138621264217,281,2.1840931919890782e-05,0.1760933684826179,0.75,63.42,54.42
96,Adam,3,selu,2651,0.0002480548700819031,402,0.00015025441446215866,0.17975229185371439,1.0,262.21,54.559999999999995
97,Adam,2,relu,2554,0.00022654593136790268,371,0.00029897998755068646,0.29289699813686665,1.0,161.57,55.61000000000001
98,Adam,4,elu,1534,0.0006714050968350713,312,4.233455777094503e-05,0.2313928886357022,0.5,57.36,52.43
99,Adam,3,tanh,1014,0.0002487280648766116,498,0.00013261916338306272,0.17493673925182618,1.0,91.94,55.32
100,Adam,1,selu,2079,0.0001658212973732531,230,6.255060749730084e-05,0.21259045962980713,0.75,107.87,51.18000000000001
101,Adam,2,relu,470,0.0005006214857421319,350,0.0002295407839174753,0.2805474059862749,0.5,68.77,52.25
102,Adam,6,selu,376,0.0004391873005197238,143,4.902013060376251e-05,0.13553877449289692,0.75,73.04,53.7
103,Adam,2,elu,2405,0.00012919111393348463,106,5.365453116907639e-05,0.1863584867563816,1.0,179.28,54.65
104,Adam,5,selu,933,0.00033163283017104784,420,0.0001616727216392333,0.14577831874569178,0.75,87.98,55.489999999999995
105,Adam,2,gelu,1392,0.00011666551172194902,356,7.055945632362205e-05,0.15020687581575462,0.75,69.01,55.2
106,Adam,5,tanh,3069,0.0007970258179207753,451,3.6258661950409184e-05,0.28415090607990223,0.5,153.49,38.5
107,Adam,4,tanh,3765,0.0008109356193333207,144,0.00037276152610682845,0.25683350789402315,0.75,190.08,18.85
108,Adam,6,elu,2551,0.0008869982783264568,347,0.00063038149144843,0.1540586916769426,0.5,104.72,45.440000000000005
109,Adam,6,relu,1267,0.00011070894953734212,252,3.502912678780284e-05,0.29732155686376704,1.0,163.06,53.99
110,Adam,5,tanh,1017,0.0002717481535159855,294,7.611987699377897e-05,0.26791507178690654,0.75,93.35,52.11
111,Adam,2,gelu,1536,0.0008962472613558917,67,5.4344527118194525e-05,0.21122545403912824,0.5,64.81,45.910000000000004
112,Adam,2,elu,1478,0.00031284578111184374,348,0.00013552305858683484,0.13797913183363256,0.5,72.58,55.089999999999996
113,Adam,2,selu,1571,0.00014611972483641637,348,2.5911124548084072e-05,0.2532699552599761,1.0,108.64,52.949999999999996
114,Adam,2,elu,1358,0.00015518247235766242,77,1.5663728769827182e-05,0.11759606869503579,0.75,103.37,54.17999999999999
115,Adam,1,gelu,1476,0.0003016908692586614,410,0.00013006670790777106,0.18312045221353107,0.5,61.9,54.87
116,Adam,1,gelu,2115,0.00015732838874668478,81,0.00020665274952347154,0.11766189834053882,0.75,120.92,54.37
117,Adam,2,selu,328,0.0007699511629425552,169,0.00011998117039118288,0.23695515881680534,0.75,53.55,52.15
118,Adam,2,gelu,894,0.00012790977873497947,65,0.0005311779778180618,0.13802025303764132,0.5,131.57,55.7
119,Adam,1,selu,1866,0.00016856495283892,484,0.0008124451434618569,0.11935886106505358,1.0,113.72,49.47
120,Adam,1,gelu,568,0.0006375658294323769,158,0.00013560546219044056,0.2504966439329608,0.75,55.04,49.19
121,Adam,1,elu,2655,0.0009964790560620849,213,1.9833534969699783e-05,0.15963439842821198,0.5,42.36,47.599999999999994
122,Adam,1,gelu,322,0.00022919025438830856,124,3.476781343747802e-05,0.1264316551082128,0.5,61.61,52.72
123,Adam,4,elu,286,0.0007060773559186203,133,3.45073838409361e-05,0.10786223714081813,0.75,62.57,53.06999999999999
124,Adam,1,gelu,1576,0.00022389813264137747,318,3.230606851954124e-05,0.2719752222373294,1.0,70.35,55.16
125,Adam,5,relu,419,0.0002051754691767977,88,0.00017665593291174447,0.13322963784885242,0.5,118.01,53.190000000000005
126,Adam,3,selu,2088,0.0002320645631678734,158,0.0005521237553150513,0.2944572950463897,0.75,157.56,50.8
127,Adam,2,selu,886,0.0003211364434143158,338,6.834549481103645e-05,0.2465304026731399,1.0,60.81,53.410000000000004
128,Adam,3,selu,702,0.000287076875175188,360,0.0005624729392820131,0.1095291268386494,0.5,66.36,53.76
129,Adam,1,relu,806,0.0006273696573158281,220,7.772369920678503e-05,0.23926186621771053,1.0,67.5,51.66
130,Adam,5,gelu,551,0.0001381218992167675,172,1.1508330643776123e-05,0.29214046409390004,0.5,86.99,54.690000000000005
131,Adam,3,gelu,2015,0.0008906060212231524,244,0.00013116386405788165,0.10143636029531762,1.0,84.05,51.970000000000006
132,Adam,2,selu,3065,0.00017735173802650573,98,4.151778854770726e-05,0.28060768557992943,0.5,205.23,53.33
133,Adam,3,gelu,1997,0.0007078295694779311,269,3.66338733731256e-05,0.2253124836533421,0.5,72.86,53.71
134,Adam,5,tanh,1610,0.0006213053583934358,173,0.0006763027514101131,0.2180040886701229,0.5,82.08,42.089999999999996
135,Adam,5,relu,1757,0.0005137540601069016,208,9.902129333163367e-05,0.2874167713791539,0.75,119.93,49.49
136,Adam,6,tanh,1573,0.00020419822405289202,192,0.0009117340064541514,0.120888361860774,0.5,139.99,51.6
137,Adam,1,selu,1666,0.0002093406961563375,235,7.578662104237923e-05,0.29499516512815627,0.75,137.33,52.11
138,Adam,3,elu,1737,0.00010865130447639019,201,0.000287537953191412,0.29150538500869083,0.5,137.55,52.72
139,Adam,3,selu,3214,0.000170857304565768,343,1.0822393849316317e-05,0.2671263349902665,0.75,190.68,54.26
140,Adam,1,elu,1021,0.00043202410783508557,257,1.0869949536698964e-05,0.16788328169623556,0.5,58.85,53.5
141,Adam,1,elu,570,0.0008360549152728077,136,0.000849926181669378,0.2000980380032953,1.0,39.67,45.9
142,Adam,2,relu,2526,0.0004539193123766364,146,0.0005678101691552907,0.10442928887550765,1.0,168.37,53.23
143,Adam,6,relu,696,0.0005051869514680084,290,2.1207233722502044e-05,0.12547294228079775,0.75,59.61,53.080000000000005
144,Adam,4,tanh,755,0.0001661548065465677,230,6.356238964886337e-05,0.12633879310065158,0.5,68.29,54.410000000000004
145,Adam,3,elu,2351,0.0006837619275769438,458,0.00017065492400535333,0.2669137445817168,0.5,107.04,53.239999999999995
146,Adam,5,gelu,515,0.00018417477333349644,64,0.000267945591794296,0.14107251809562543,0.75,94.16,54.98
147,Adam,6,elu,1934,0.00032192401921423433,236,0.0002767962516392782,0.14943974723129147,0.5,159.84,54.6
148,Adam,4,gelu,1194,0.0003156495269698477,113,0.00024575244903734026,0.15239998732392185,0.75,80.44,54.22
149,Adam,3,tanh,2992,0.0006026024539076411,64,0.00047655161245023785,0.12008577232315876,0.75,162.88,33.39
150,Adam,1,elu,387,0.0001417512496548977,374,2.1793028786361352e-05,0.13626548528591143,0.75,74.16,52.019999999999996
151,Adam,2,selu,1304,0.0001632764943913025,205,0.00029654277329746264,0.19896370217755127,1.0,145.85,53.89000000000001
152,Adam,1,selu,982,0.0006964044562289241,78,0.0006031763205240979,0.26979116793271396,0.5,55.92,44.68
153,Adam,6,relu,3048,0.00019311031339900854,124,0.0005388867805607591,0.29564320225068574,0.75,287.22,51.71
154,Adam,4,relu,303,0.00015191647111344075,193,4.84715740314141e-05,0.1858823494968602,0.75,77.81,52.949999999999996
155,Adam,3,relu,749,0.0002758979828804705,237,1.4120186878480839e-05,0.1985574436001668,1.0,72.6,54.800000000000004
156,Adam,2,selu,1532,0.0009172541175419737,88,0.0005493876269383252,0.218294602738221,1.0,89.52,43.1
157,Adam,4,tanh,1157,0.00015758496884025954,399,0.00011707074069663006,0.14387448374453154,0.75,87.38,54.42
158,Adam,5,relu,1562,0.00035266516307017797,307,0.0005554399493498103,0.15356075400796676,0.5,88.95,54.1
159,Adam,2,gelu,693,0.0008816441868571081,367,3.4934083970869376e-05,0.21620899454372106,0.75,54.02,52.449999999999996
160,Adam,6,relu,367,0.0001354942832502262,107,3.480585342417008e-05,0.18309337288432204,0.75,110.52,52.300000000000004
161,Adam,1,relu,3308,0.00031743364673542394,71,4.031483447814521e-05,0.19660395469024436,0.5,157.3,52.190000000000005
162,Adam,1,gelu,1182,0.0001560105104563626,145,0.000193962040036456,0.22688171944622007,1.0,84.78,55.059999999999995
163,Adam,5,tanh,521,0.0004304660337786004,174,0.0001719672988720004,0.15421433694346035,0.5,55.09,48.870000000000005
164,Adam,1,selu,311,0.0006790973593476769,199,0.0007165921338728122,0.18136993489079015,0.5,21.07,31.0
165,Adam,3,tanh,3046,0.0001328239482380253,338,2.0444102771826368e-05,0.25535155652721264,0.5,197.57,55.24
166,Adam,4,relu,918,0.0002910313019313385,211,0.0001630199877006222,0.27604247091311396,0.75,107.29,54.02
167,Adam,4,selu,1427,0.0002816712626759966,122,1.0487671103001316e-05,0.11672976912940783,1.0,102.47,51.870000000000005
168,Adam,5,selu,487,0.0001479559406066746,364,1.252061594334462e-05,0.20153771789179203,0.5,89.92,53.459999999999994
169,Adam,2,elu,2264,0.0004018898761959928,148,0.0007961673584202544,0.2854097478655556,0.75,145.52,45.68
170,Adam,2,elu,3063,0.000764283734071561,148,3.369034118864571e-05,0.23026829285093076,0.5,81.93,46.25
171,Adam,4,elu,3133,0.00026180647092775264,119,0.00019859733664934055,0.1686446669880475,1.0,361.03,51.25999999999999
172,Adam,5,elu,695,0.0005535751018890717,389,1.2324627416540598e-05,0.24301901114335575,1.0,64.52,54.13
173,Adam,4,selu,2277,0.00014470574697013306,116,8.197730276686402e-05,0.2870341573524181,0.75,267.41,54.669999999999995
174,Adam,3,tanh,1271,0.0003881758498826529,398,0.0007167823821377651,0.1111073049640201,0.75,62.93,51.870000000000005
175,Adam,4,tanh,920,0.000382850528985786,434,0.000620988317314229,0.2813521443399998,0.75,75.07,49.45
176,Adam,6,selu,409,0.00010238000586749982,367,0.00014892793416895696,0.11396170613062727,1.0,74.48,54.6
177,Adam,1,selu,371,0.00033537393881805225,446,1.6685830671613556e-05,0.154393706166775,0.75,57.19,50.61
178,Adam,4,elu,904,0.00016013432102316428,471,0.0002994216754599396,0.1383390627473325,0.5,102.2,55.60000000000001
179,Adam,4,tanh,604,0.000128687440593449,89,6.350164627624265e-05,0.11562930572697341,0.5,94.03,53.580000000000005
180,Adam,1,relu,783,0.00018378921204808874,242,3.2455841321760306e-05,0.2892572955309573,0.75,78.28,54.09
181,Adam,6,gelu,295,0.0003466785842441919,492,0.0005380929339242294,0.21263042862465564,0.75,57.55,52.81
182,Adam,6,elu,2166,0.0008556240627698136,461,0.0008186735791324293,0.2699664168330699,0.75,115.02,44.84
183,Adam,5,selu,561,0.00019957570153888746,102,0.0003474408406608296,0.2573546887432843,0.75,119.07,51.44
184,Adam,3,tanh,330,0.00013159076724992479,212,0.0003286218873837328,0.2400185035884033,1.0,92.97,52.55
185,Adam,4,selu,842,0.00015706865361331092,214,0.0006885349265153243,0.21397375286499742,0.75,138.17,53.010000000000005
186,Adam,5,gelu,837,0.0006646349805445906,65,3.656594706316332e-05,0.20597332578854763,0.75,134.95,50.61
187,Adam,4,selu,939,0.00011422481431927437,90,0.00014504030057083892,0.2865762508488152,0.75,196.07,54.92
188,Adam,1,selu,694,0.0004245399195468362,362,0.0001346538552684531,0.14263711102668336,0.75,45.16,50.77
189,Adam,2,tanh,2508,0.0007953814317998931,469,0.00024069218630404422,0.27451647733680185,0.5,114.38,47.06
190,Adam,2,gelu,327,0.0001199661267169683,303,0.0001230517087249357,0.20734786737205768,0.75,66.48,54.14
191,Adam,2,elu,433,0.0004593548934545316,325,9.576714822182245e-05,0.14984903104751324,0.75,54.34,54.059999999999995
192,Adam,4,gelu,312,0.0003616071061939013,97,1.5406978295244325e-05,0.17213421276998483,0.5,83.74,51.28
193,Adam,2,relu,651,0.00010262098804327616,116,4.466613106869037e-05,0.10502785957402672,0.75,73.38,54.400000000000006
194,Adam,3,selu,411,0.0005747039685342226,103,2.8507007487510097e-05,0.1442327682221487,0.75,71.27,53.410000000000004
195,Adam,6,relu,2758,0.00025882951335558647,157,3.770848890826159e-05,0.2572139632889,0.75,288.02,53.580000000000005
196,Adam,5,gelu,382,0.00016772329868856655,293,5.400338447720838e-05,0.17861799824745916,0.75,59.57,55.00000000000001
197,Adam,4,gelu,620,0.0007878806880686609,75,4.212161184521602e-05,0.275587412323242,0.5,89.36,46.01
198,Adam,5,tanh,3000,0.000867800401782017,226,1.1329132897592815e-05,0.24274451674172517,0.75,202.18,16.520000000000003
199,Adam,4,gelu,1807,0.00011927250029170935,166,0.0005541938623580347,0.14784414167311916,1.0,233.9,54.7
200,Adam,4,tanh,1680,0.0001342582290138607,355,1.6064987181094337e-05,0.10819429639379935,0.75,88.5,54.24
